"egame_id","game_id","away_team","away_score","home_team","home_score","favorite","final_spread","status","winner","is.upset","update.ts"
400933828,17,"FAMU",7,"ARK",49,"ARK",46.5,"Final","ARK",0,2017-09-02 20:22:44
400933829,29,"GASO",7,"AUB",41,"AUB",34.5,"Final","AUB",0,2017-09-02 20:22:44
400933830,79,"MICH",33,"FLA",17,"MICH",8.5,"Final","MICH",0,2017-09-02 20:22:44
400933831,37,"APP",10,"UGA",31,"UGA",12.5,"Final","UGA",0,2017-09-02 20:22:44
400933832,86,"UK",24,"USM",17,"UK",9,"Final","UK",0,2017-09-02 20:22:44
400933834,59,"USA",27,"MISS",47,"MISS",21.5,"Final","MISS",0,2017-09-02 20:22:44
400933835,49,"CHSO",0,"MSST",49,"MSST",23,"Final","MSST",0,2017-09-02 20:22:44
400933836,50,"MOST",43,"MIZ",72,"MIZ",35.5,"Final","MIZ",0,2017-09-02 20:22:44
400933837,81,"NCST",28,"SC",35,"SC",7.5,"Final","SC",0,2017-09-02 20:22:44
400933839,88,"VAN",28,"MTSU",6,"VAN",3,"Final","VAN",0,2017-09-02 20:22:44
400934488,41,"UNI",24,"ISU",42,"ISU",10,"Final","ISU",0,2017-09-02 20:22:44
400934489,30,"LIB",48,"BAY",45,"BAY",34,"Final","LIB",1,2017-09-02 20:22:44
400934490,42,"SEMO",16,"KU",38,"KU",29,"Final","KU",0,2017-09-02 20:22:44
400934491,43,"UCA",19,"KSU",55,"KSU",27,"Final","KSU",0,2017-09-02 20:22:44
400934492,56,"UTEP",7,"OKLA",56,"OKLA",43,"Final","OKLA",0,2017-09-02 20:22:44
400934493,57,"TLSA",24,"OKST",59,"OKST",19.5,"Final","OKST",0,2017-09-02 20:22:44
400934495,67,"MD",51,"TEX",41,"TEX",18.5,"Final","MD",1,2017-09-02 20:22:44
400934496,69,"EWU",10,"TTU",56,"TTU",13,"Final","TTU",0,2017-09-02 20:22:44
400934570,25,"FOR",6,"ARMY",64,"ARMY",18,"Final","ARMY",0,2017-09-02 20:22:44
400934573,85,"TEM",16,"ND",49,"ND",19,"Final","ND",0,2017-09-02 20:22:44
400935229,11,"OSU",49,"IND",21,"OSU",21,"Final","OSU",0,2017-09-02 20:22:44
400935230,13,"BUFF",7,"MINN",17,"MINN",22,"Final","MINN",0,2017-09-02 20:22:44
400935231,23,"USU",10,"WIS",59,"WIS",27,"Final","WIS",0,2017-09-02 20:22:44
400935232,39,"BALL",21,"ILL",24,"ILL",5,"Final","ILL",0,2017-09-02 20:22:44
400935233,40,"WYO",3,"IOWA",24,"IOWA",12,"Final","IOWA",0,2017-09-02 20:22:44
400935234,48,"BGSU",10,"MSU",35,"MSU",17,"Final","MSU",0,2017-09-02 20:22:44
400935236,55,"NEV",20,"NW",31,"NW",24,"Final","NW",0,2017-09-02 20:22:44
400935237,62,"AKR",0,"PSU",52,"PSU",30,"Final","PSU",0,2017-09-02 20:22:44
400935238,82,"LOU",35,"PUR",28,"LOU",26.5,"Final","LOU",0,2017-09-02 20:22:44
400935247,6,"NMSU",31,"ASU",37,"ASU",25.5,"Final","ASU",0,2017-09-02 20:22:44
400935248,15,"UND",16,"UTAH",37,"UTAH",21,"Final","UTAH",0,2017-09-02 20:22:44
400935249,24,"CSU",3,"COLO",17,"COLO",3,"Final","COLO",0,2017-09-02 20:22:44
400935250,21,"WASH",30,"RUTG",14,"WASH",28,"Final","WASH",0,2017-09-02 20:22:44
400935252,73,"WMU",31,"USC",49,"USC",28,"Final","USC",0,2017-09-02 20:22:44
400935254,61,"PRST",32,"ORST",35,"ORST",24.5,"Final","ORST",0,2017-09-02 20:22:44
400935256,53,"CAL",35,"UNC",30,"UNC",13.5,"Final","CAL",1,2017-09-02 20:22:44
400935257,5,"STAN",62,"RICE",7,"STAN",30.5,"Final","STAN",0,2017-09-02 20:22:44
400935282,3,"ORST",27,"CSU",58,"CSU",3,"Final","CSU",0,2017-09-02 20:22:44
400937445,16,"PRE",7,"WAKE",51,"WAKE",42.5,"Final","WAKE",0,2017-09-02 20:22:44
400937446,20,"BC",23,"NIU",20,"BC",3.5,"Final","BC",0,2017-09-02 20:22:44
400937447,32,"KENT",3,"CLEM",56,"CLEM",38,"Final","CLEM",0,2017-09-02 20:22:44
400937448,34,"NCCU",7,"DUKE",60,"DUKE",36,"Final","DUKE",0,2017-09-02 20:22:44
400937449,47,"BCU",13,"MIAMI",41,"MIAMI",1,"Final","MIAMI",0,2017-09-02 20:22:44
400937450,63,"YSU",0,"PITT",7,"PITT",13,"Final/OT","PITT",0,2017-09-02 20:22:44
400937451,22,"CCSU",7,"SYR",50,"SYR",46,"Final","SYR",0,2017-09-02 20:22:44
400937452,76,"W&M",10,"UVA",28,"UVA",28,"Final","UVA",0,2017-09-02 20:22:44
400938591,71,"FIU",17,"UCF",61,"UCF",17.5,"Final","UCF",0,2017-09-02 20:22:44
400938592,26,"NAVY",42,"FAU",19,"NAVY",9,"Final","NAVY",0,2017-09-02 20:22:44
400938593,45,"NWST",24,"LT",52,"LT",39.5,"Final","LT",0,2017-09-02 20:22:44
400938594,46,"M-OH",26,"MRSH",31,"M-OH",4,"Final","MRSH",1,2017-09-02 20:22:44
400938595,54,"LAM",14,"UNT",59,"UNT",17,"Final","UNT",0,2017-09-02 20:22:44
400938596,58,"ALBY",17,"ODU",31,"ODU",24.5,"Final","ODU",0,2017-09-02 20:22:44
400938597,70,"AAMU",7,"UAB",38,"UAB",27.5,"Final","UAB",0,2017-09-02 20:22:44
400938599,78,"EKY",17,"WKU",31,"WKU",38.5,"Final","WKU",0,2017-09-02 20:22:44
400938887,2,"HAW",38,"UMASS",35,"UMASS",2.5,"Final","HAW",1,2017-09-02 20:22:44
400938888,33,"UMASS",28,"CCU",38,"UMASS",2.5,"Final","CCU",1,2017-09-02 20:22:44
400941786,4,"USF",42,"SJSU",22,"USF",21,"Final","USF",0,2017-09-02 20:22:44
400941787,8,"PEAY",14,"CIN",26,"CIN",1,"Final","CIN",0,2017-09-02 20:22:44
400941788,9,"HC",20,"CONN",27,"CONN",22.5,"Final","CONN",0,2017-09-02 20:22:44
400941789,12,"ULM",29,"MEM",37,"MEM",28,"Final","MEM",0,2017-09-02 20:22:44
400941790,35,"JMU",34,"ECU",14,"JMU",2.5,"Final","JMU",0,2017-09-02 20:22:44
400941791,74,"STON",17,"USF",31,"USF",36,"Final","USF",0,2017-09-02 20:22:44
400941792,65,"SFA",14,"SMU",58,"SMU",30,"Final","SMU",0,2017-09-02 20:22:44
400941793,87,"GRAM",14,"TULN",43,"TULN",22,"Final","TULN",0,2017-09-02 20:22:44
400944826,10,"TNST",17,"GAST",10,"GAST",15,"Final","TNST",1,2017-09-02 20:22:44
400944827,18,"SAC",6,"IDHO",28,"IDHO",23.5,"Final","IDHO",0,2017-09-02 20:22:44
400944828,44,"SELA",48,"ULL",51,"ULL",14.5,"Final","ULL",0,2017-09-02 20:22:44
400944829,68,"HBU",11,"TXST",20,"TXST",15.5,"Final","TXST",0,2017-09-02 20:22:44
400944830,31,"TROY",13,"BSU",24,"BSU",11,"Final","BSU",0,2017-09-02 20:22:44
400944889,14,"ELON",13,"TOL",47,"TOL",44.5,"Final","TOL",0,2017-09-02 20:22:44
400944890,7,"URI",6,"CMU",9,"CMU",34.5,"Final/3OT","CMU",0,2017-09-02 20:22:44
400944891,19,"CHAR",7,"EMU",24,"EMU",14,"Final","EMU",0,2017-09-02 20:22:44
400944892,84,"HAMP",0,"OHIO",59,"OHIO",1,"Final","OHIO",0,2017-09-02 20:22:44
400945031,1,"PRST",6,"BYU",20,"BYU",37,"Final","BYU",0,2017-09-02 20:22:44
400945246,27,"VMI",0,"AFA",62,"AFA",36,"Final","AFA",0,2017-09-02 20:22:44
400945251,64,"CP",13,"SJSU",34,"SJSU",11,"Final","SJSU",0,2017-09-02 20:22:44
